Crawl Timestamp,Title,Manufacturer,Model Name,Price,Seller Rating,Seller Num Of Reviews
2021-02-17 06:24:23 +0000,Apple Airpods Pro with wireless charging case NEW in box and SEALED,Apple Airpods Pro with wireless charging case NEW in box and SEALED,Apple Airpods Pro with wireless charging case NEW in box and SEALED,$245.00,100.0,59
2021-01-11 00:03:01 +0000,Nintendo wii console fit board and games bundle,Nintendo wii console fit board and games bundle,Nintendo wii console fit board and games bundle,$108.73,100.0,613
2021-02-10 15:03:24 +0000,Fossil smart watch,Fossil smart watch,Fossil smart watch,$200.00,100.0,2
2021-01-10 09:29:03 +0000,AM Sony CMOS CCD 1800TVL CCTV Security Camera 72 IR 2.8-12mm Vari-Focal Lens 4pc,AM Sony CMOS CCD 1800TVL CCTV Security Camera 72 IR 2.8-12mm Vari-Focal Lens 4pc,AM Sony CMOS CCD 1800TVL CCTV Security Camera 72 IR 2.8-12mm Vari-Focal Lens 4pc,$252.00,100.0,6215
2021-02-11 02:48:52 +0000,apple tv 4k 32GB New Unopened,apple tv 4k 32GB New Unopened,apple tv 4k 32GB New Unopened,$97.00,100.0,11
2021-02-23 22:37:15 +0000,Android Smart TV Box 1GB RAM 8GB ROM Quad Core Smart X96 Smart Media Player wifi,Android Smart TV Box 1GB RAM 8GB ROM Quad Core Smart X96 Smart Media Player wifi,Android Smart TV Box 1GB RAM 8GB ROM Quad Core Smart X96 Smart Media Player wifi,$39.00,100.0,3556
2021-02-21 02:08:55 +0000,GEMS Bluetooth Fitness Watch Activity Tracker Wristband NEW Box,GEMS Bluetooth Fitness Watch Activity Tracker Wristband NEW Box,GEMS Bluetooth Fitness Watch Activity Tracker Wristband NEW Box,$21.30,100.0,37
2021-01-06 11:18:22 +0000,PLAYSTATION 4 PRO 1TB,PLAYSTATION 4 PRO 1TB,PLAYSTATION 4 PRO 1TB,$168.58,100.0,27
2021-01-03 10:47:29 +0000,VINCI Tab M Tablet VS-5100C,VINCI Tab M Tablet VS-5100C,VINCI Tab M Tablet VS-5100C,$115.00,100.0,74
2021-02-10 12:45:12 +0000,"Vieta pro it plus-Bluetooth wireless Headsets (5.0, true wireless","Vieta pro it plus-Bluetooth wireless Headsets (5.0, true wireless","Vieta pro it plus-Bluetooth wireless Headsets (5.0, true wireless",$99.91,100.0,1421
2021-01-31 06:03:07 +0000,Nintendo Wii Console Games Bundle (boxed) Games And Accessories,Nintendo Wii Console Games Bundle (boxed) Games And Accessories,Nintendo Wii Console Games Bundle (boxed) Games And Accessories,$144.19,100.0,74
2021-01-06 15:04:49 +0000,JVC Headband Headphones - White,JVC Headband Headphones - White,JVC Headband Headphones - White,$5.44,100.0,75
2021-02-11 00:19:57 +0000,"Set of 2 Genuine RCA (RDT3131) Raw Wire 4"" Front & Rear Speakers Only **READ**","Set of 2 Genuine RCA (RDT3131) Raw Wire 4"" Front & Rear Speakers Only **READ**","Set of 2 Genuine RCA (RDT3131) Raw Wire 4"" Front & Rear Speakers Only **READ**",$29.08,100.0,16024
2021-01-10 19:36:43 +0000,Apple iPad Air 2 Retina Display Tablet 16/32/64GB WiFi/Cellular Grey/Gold/Silver,Apple iPad Air 2 Retina Display Tablet 16/32/64GB WiFi/Cellular Grey/Gold/Silver,Apple iPad Air 2 Retina Display Tablet 16/32/64GB WiFi/Cellular Grey/Gold/Silver,$203.88,100.0,15837
2021-01-01 09:17:39 +0000,[Open Box - As New] Apple Watch 40mm S5 (Cellular) - Gold Al Case w/ Pink Sand S,[Open Box - As New] Apple Watch 40mm S5 (Cellular) - Gold Al Case w/ Pink Sand S,[Open Box - As New] Apple Watch 40mm S5 (Cellular) - Gold Al Case w/ Pink Sand S,$380.00,100.0,43
2021-02-10 15:49:08 +0000,Productive Fitness CB-Set Body Ball Poster Set - Laminated only,Productive Fitness CB-Set Body Ball Poster Set - Laminated only,Productive Fitness CB-Set Body Ball Poster Set - Laminated only,$42.62,100.0,255
2021-02-14 10:08:05 +0000,Nintendo 3Ds Body,Nintendo 3Ds Body,Nintendo 3Ds Body,$168.01,100.0,46
2021-01-14 21:41:56 +0000,Bose DS16SE Single Surface Mount Loudspeaker Black 017817397377 - New,Bose DS16SE Single Surface Mount Loudspeaker Black 017817397377 - New,Bose DS16SE Single Surface Mount Loudspeaker Black 017817397377 - New,$148.96,100.0,24243
2021-01-10 18:03:37 +0000,Apple Watch Series 5 40 mm With Pink Sand Sport Band... Rose Gold Aluminum Dial,Apple Watch Series 5 40 mm With Pink Sand Sport Band... Rose Gold Aluminum Dial,Apple Watch Series 5 40 mm With Pink Sand Sport Band... Rose Gold Aluminum Dial,$375.00,100.0,3
2021-01-31 13:10:51 +0000,Foldable Wireless Headphones With Mic BT HiFi Stereo Sound Headset Hands-Free Sp,Foldable Wireless Headphones With Mic BT HiFi Stereo Sound Headset Hands-Free Sp,Foldable Wireless Headphones With Mic BT HiFi Stereo Sound Headset Hands-Free Sp,$44.99,100.0,3
2021-01-11 02:08:32 +0000,Kids Headphones Marvel | New,Kids Headphones Marvel | New,Kids Headphones Marvel | New,$18.38,100.0,255
2021-02-10 18:50:33 +0000,JLab Epic 2 wireless bluetooth headphones,JLab Epic 2 wireless bluetooth headphones,JLab Epic 2 wireless bluetooth headphones,$66.21,100.0,127
2021-02-05 21:52:33 +0000,Ture Wireless Earbuds,Ture Wireless Earbuds,Ture Wireless Earbuds,$13.66,100.0,160
2021-01-14 20:22:26 +0000,Apple iPhone 4 White 8GB good condition,Apple iPhone 4 White 8GB good condition,Apple iPhone 4 White 8GB good condition,$19.78,100.0,47
2021-01-06 07:23:46 +0000,apple watch series 3 42mm With 18kt Gold N Diamond Bezel,apple watch series 3 42mm With 18kt Gold N Diamond Bezel,apple watch series 3 42mm With 18kt Gold N Diamond Bezel,$300.00,100.0,12
2021-01-10 22:57:28 +0000,"Original Sega Mastersystem Console (PAL). Boxed. Full Setup, 3 games. Tested","Original Sega Mastersystem Console (PAL). Boxed. Full Setup, 3 games. Tested","Original Sega Mastersystem Console (PAL). Boxed. Full Setup, 3 games. Tested",$135.92,100.0,226
2021-01-10 03:37:36 +0000,UFO dome camera wifi,UFO dome camera wifi,UFO dome camera wifi,$10.00,100.0,456
2021-02-23 21:21:58 +0000,"1 audio-tschentscher cu-f 27 mm, 1,70 mh, 0,354 ohm folienspule awg 14","1 audio-tschentscher cu-f 27 mm, 1,70 mh, 0,354 ohm folienspule awg 14","1 audio-tschentscher cu-f 27 mm, 1,70 mh, 0,354 ohm folienspule awg 14",$39.08,100.0,5103
2021-01-01 16:53:10 +0000,SeeEyes SC-LHCP1004 4CH HD-SDI(SC-LHTP1001 Transmitter + SC-LHRP1004 Receiver),SeeEyes SC-LHCP1004 4CH HD-SDI(SC-LHTP1001 Transmitter + SC-LHRP1004 Receiver),SeeEyes SC-LHCP1004 4CH HD-SDI(SC-LHTP1001 Transmitter + SC-LHRP1004 Receiver),$699.00,100.0,1384
2021-02-23 21:14:38 +0000,"1 Audio-Tschentscher Cu-F 18MM, 1,50 MH, 0,446 Ohm Folienbandspule","1 Audio-Tschentscher Cu-F 18MM, 1,50 MH, 0,446 Ohm Folienbandspule","1 Audio-Tschentscher Cu-F 18MM, 1,50 MH, 0,446 Ohm Folienbandspule",$25.31,100.0,5103
2021-01-10 05:51:27 +0000,NEW Hampton Bay Wired Lighted Door Bell Push Button Insert Nickel/Brass Finish,NEW Hampton Bay Wired Lighted Door Bell Push Button Insert Nickel/Brass Finish,NEW Hampton Bay Wired Lighted Door Bell Push Button Insert Nickel/Brass Finish,$9.99,100.0,176
2021-01-10 18:09:42 +0000,NEW Sealed Polar T31 Transmitter Belt Size Medium US Model 3920132,NEW Sealed Polar T31 Transmitter Belt Size Medium US Model 3920132,NEW Sealed Polar T31 Transmitter Belt Size Medium US Model 3920132,$26.99,100.0,1167
2021-01-05 21:01:28 +0000,8MP OV Sensor Turret TVI with 4mm Lens Security Camera 4s OS 4-in-1 WDR Smart-IR,8MP OV Sensor Turret TVI with 4mm Lens Security Camera 4s OS 4-in-1 WDR Smart-IR,8MP OV Sensor Turret TVI with 4mm Lens Security Camera 4s OS 4-in-1 WDR Smart-IR,$286.99,100.0,6214
2021-01-31 19:05:56 +0000,Game Boy Advance SP NES edition Console,Game Boy Advance SP NES edition Console,Game Boy Advance SP NES edition Console,$27.46,100.0,64
2021-02-10 20:19:21 +0000,D Place saver,D Place saver,D Place saver,$27.58,100.0,1120
2021-02-16 13:10:19 +0000,Nintendo Switch Mario Red And Blue Edition Limited Edition In Hand Ship Same Day,Nintendo Switch Mario Red And Blue Edition Limited Edition In Hand Ship Same Day,Nintendo Switch Mario Red And Blue Edition Limited Edition In Hand Ship Same Day,$449.96,100.0,12
2021-02-21 01:43:35 +0000,üìàFitbit Charge 2 USB Charger Cable Used,üìàFitbit Charge 2 USB Charger Cable Used,üìàFitbit Charge 2 USB Charger Cable Used,$2.00,100.0,187
2021-01-31 22:03:35 +0000,"*BRAND NEW* SONY PlayStation, PS5 - Disc Version","*BRAND NEW* SONY PlayStation, PS5 - Disc Version","*BRAND NEW* SONY PlayStation, PS5 - Disc Version","$1,399.00",100.0,99
2021-02-16 05:52:42 +0000,Infinitive noise isolating headphones,Infinitive noise isolating headphones,Infinitive noise isolating headphones,$8.00,100.0,147
2021-01-10 15:01:58 +0000,beats solo 3 headphones Black,beats solo 3 headphones Black,beats solo 3 headphones Black,$120.00,100.0,79
2021-01-06 09:58:00 +0000,‚ö° PS5 - PlayStation 5 Console ‚ö° Disc Version **IN HAND**,‚ö° PS5 - PlayStation 5 Console ‚ö° Disc Version **IN HAND**,‚ö° PS5 - PlayStation 5 Console ‚ö° Disc Version **IN HAND**,$650.00,100.0,258
2021-02-17 08:50:13 +0000,Nintendo 2DS XL Console-Complete in Original Box-White/Orange * Top Condition *,Nintendo 2DS XL Console-Complete in Original Box-White/Orange * Top Condition *,Nintendo 2DS XL Console-Complete in Original Box-White/Orange * Top Condition *,$181.77,100.0,270
2021-01-14 23:01:54 +0000,V4 WIFI FPV Drone WiFi live video FPV 4K/1080P HD Wide Angle Camera RC Drone,V4 WIFI FPV Drone WiFi live video FPV 4K/1080P HD Wide Angle Camera RC Drone,V4 WIFI FPV Drone WiFi live video FPV 4K/1080P HD Wide Angle Camera RC Drone,,100.0,62
2021-02-14 04:10:46 +0000,Magnavox headphones Extreme Bass,Magnavox headphones Extreme Bass,Magnavox headphones Extreme Bass,$21.95,100.0,7
2021-02-11 00:52:22 +0000,"Audio-tschentscher feron e-kern trafospule 20,00 mh, 1,12 mm, 0,832 ohm","Audio-tschentscher feron e-kern trafospule 20,00 mh, 1,12 mm, 0,832 ohm","Audio-tschentscher feron e-kern trafospule 20,00 mh, 1,12 mm, 0,832 ohm",$60.25,100.0,5089
2021-01-03 14:23:27 +0000,"Klipsch SF1 100W Floor Tower Speakers, Black (Pick Up Only, St. Louis, MO)","Klipsch SF1 100W Floor Tower Speakers, Black (Pick Up Only, St. Louis, MO)","Klipsch SF1 100W Floor Tower Speakers, Black (Pick Up Only, St. Louis, MO)",$160.00,100.0,106
2021-02-17 15:54:11 +0000,1x Panasonic WV-CP504 SD5 CCTV 600TVL 5-50mm Security Color Camera & Bracket,1x Panasonic WV-CP504 SD5 CCTV 600TVL 5-50mm Security Color Camera & Bracket,1x Panasonic WV-CP504 SD5 CCTV 600TVL 5-50mm Security Color Camera & Bracket,$43.00,100.0,1079
2021-02-23 19:36:02 +0000,Boxed PlayStation 1 Bundle Inc Games And Gun,Boxed PlayStation 1 Bundle Inc Games And Gun,Boxed PlayStation 1 Bundle Inc Games And Gun,$54.80,100.0,76
2021-01-10 18:34:36 +0000,Fitbit Charge 3 Advanced Fitness Tracker - Black (New),Fitbit Charge 3 Advanced Fitness Tracker - Black (New),Fitbit Charge 3 Advanced Fitness Tracker - Black (New),$95.00,100.0,67
2021-02-17 03:05:48 +0000,Apple iPhone XS 64GB Unlocked Smartphone - Rose Gold,Apple iPhone XS 64GB Unlocked Smartphone - Rose Gold,Apple iPhone XS 64GB Unlocked Smartphone - Rose Gold,$229.54,100.0,59
2021-02-21 06:01:06 +0000,6 metal,6 metal,6 metal,"$1,401.35",100.0,304
2021-01-10 22:33:43 +0000,"NEW IN BOX AUDIOVOX ULTRASLIM 5"" LCD DROP DOWN STEREO TV Kitchen RV Boat VE-500","NEW IN BOX AUDIOVOX ULTRASLIM 5"" LCD DROP DOWN STEREO TV Kitchen RV Boat VE-500","NEW IN BOX AUDIOVOX ULTRASLIM 5"" LCD DROP DOWN STEREO TV Kitchen RV Boat VE-500",$29.99,100.0,3525
2021-02-14 11:15:52 +0000,"Morel EW 428 4"" Woofer","Morel EW 428 4"" Woofer","Morel EW 428 4"" Woofer",$213.05,100.0,152
2021-01-14 20:52:14 +0000,Nintendo Ktr-001 Yjf105720216,Nintendo Ktr-001 Yjf105720216,Nintendo Ktr-001 Yjf105720216,$137.69,100.0,42
2021-01-10 23:52:30 +0000,Playstation 5 digital edition,Playstation 5 digital edition,Playstation 5 digital edition,$645.00,100.0,477
2021-02-20 23:36:06 +0000,Do35 Multi Function Call Headphones Pc Headset,Do35 Multi Function Call Headphones Pc Headset,Do35 Multi Function Call Headphones Pc Headset,$21.02,100.0,13
2021-02-20 18:05:32 +0000,24 Cell Phone Bundle mixed variety ...parts and gold recovery,24 Cell Phone Bundle mixed variety ...parts and gold recovery,24 Cell Phone Bundle mixed variety ...parts and gold recovery,$48.00,100.0,117
2021-01-16 10:54:04 +0000,HP 911D 3-26.5GHz 3.5 mm Sliding Load 3-26.5Ghz,HP 911D 3-26.5GHz 3.5 mm Sliding Load 3-26.5Ghz,HP 911D 3-26.5GHz 3.5 mm Sliding Load 3-26.5Ghz,$300.00,100.0,5872
2021-02-23 19:45:45 +0000,Nintendo DS lite and games,Nintendo DS lite and games,Nintendo DS lite and games,$51.88,100.0,371
2021-02-16 17:56:00 +0000,Taococo Wireless Security Camera Model YY-SNB,Taococo Wireless Security Camera Model YY-SNB,Taococo Wireless Security Camera Model YY-SNB,$28.90,100.0,111
2021-02-16 01:11:41 +0000,Samsung Galaxy Note 20 5G SM-N981U 128GB¬†Bronze! GSM Unlocked device!,Samsung Galaxy Note 20 5G SM-N981U 128GB¬†Bronze! GSM Unlocked device!,Samsung Galaxy Note 20 5G SM-N981U 128GB¬†Bronze! GSM Unlocked device!,$551.70,100.0,7966
2021-01-10 23:43:04 +0000,Brand New Sony PlayStation 4 1TB FIFA 19 Console Bundle - PS4 Jet Black,Brand New Sony PlayStation 4 1TB FIFA 19 Console Bundle - PS4 Jet Black,Brand New Sony PlayStation 4 1TB FIFA 19 Console Bundle - PS4 Jet Black,$244.67,100.0,1274
2021-01-31 21:54:41 +0000,Tommy Fc Soft The Third One Is Over.,Tommy Fc Soft The Third One Is Over.,Tommy Fc Soft The Third One Is Over.,$175.99,100.0,359
2021-01-06 17:23:53 +0000,Inkbird ITC-106RL Digital Pid Temperature Controller thermostat C/F Reading 12V,Inkbird ITC-106RL Digital Pid Temperature Controller thermostat C/F Reading 12V,Inkbird ITC-106RL Digital Pid Temperature Controller thermostat C/F Reading 12V,$23.79,100.0,29537
2021-01-18 10:05:43 +0000,Nokia phone 2600 not working tested Vintage,Nokia phone 2600 not working tested Vintage,Nokia phone 2600 not working tested Vintage,$9.67,100.0,219
2021-01-31 03:16:30 +0000,USB Charger Charging Cable Cord for Fitbit Alta Smart Watch~Preowned,USB Charger Charging Cable Cord for Fitbit Alta Smart Watch~Preowned,USB Charger Charging Cable Cord for Fitbit Alta Smart Watch~Preowned,$1.00,100.0,161
2021-01-03 10:37:23 +0000,Bluetooth Smartwatch Blood Pressure Meter Waterproof Armband for Huawei Samsung,Bluetooth Smartwatch Blood Pressure Meter Waterproof Armband for Huawei Samsung,Bluetooth Smartwatch Blood Pressure Meter Waterproof Armband for Huawei Samsung,$81.97,100.0,25479
2021-01-01 14:29:17 +0000,Capacitor mkt 1¬µf 250v-monacor 2x 18187,Capacitor mkt 1¬µf 250v-monacor 2x 18187,Capacitor mkt 1¬µf 250v-monacor 2x 18187,$12.22,100.0,45846
2021-02-17 15:23:17 +0000,Rechargeable Battery Security Camera,Rechargeable Battery Security Camera,Rechargeable Battery Security Camera,$65.00,100.0,3
2021-01-06 08:52:39 +0000,Polar FT80 Heart Rate Monitor Watch,Polar FT80 Heart Rate Monitor Watch,Polar FT80 Heart Rate Monitor Watch,$10.00,100.0,217
2021-01-18 15:44:45 +0000,Konami Boxing Rc 736,Konami Boxing Rc 736,Konami Boxing Rc 736,$66.99,100.0,358
2021-02-23 21:59:17 +0000,NWT Tech Candy Jeweled Earbuds. Semi-precious Stones. Reg. $48,NWT Tech Candy Jeweled Earbuds. Semi-precious Stones. Reg. $48,NWT Tech Candy Jeweled Earbuds. Semi-precious Stones. Reg. $48,$29.99,100.0,719
2021-02-23 17:56:11 +0000,Wireless Bluetooth Headset Long Standby with Mic Handsfree,Wireless Bluetooth Headset Long Standby with Mic Handsfree,Wireless Bluetooth Headset Long Standby with Mic Handsfree,$23.87,100.0,1
2021-02-04 19:32:42 +0000,Smartwatch Bluetooth smart watch sporty waterproof yellow,Smartwatch Bluetooth smart watch sporty waterproof yellow,Smartwatch Bluetooth smart watch sporty waterproof yellow,$47.33,100.0,1794
2021-01-14 21:41:23 +0000,TG603 HIFI Wireless Bluetooth Audio tragbare Taschenlampe TF-Kartenlautsprecher,TG603 HIFI Wireless Bluetooth Audio tragbare Taschenlampe TF-Kartenlautsprecher,TG603 HIFI Wireless Bluetooth Audio tragbare Taschenlampe TF-Kartenlautsprecher,$24.16,100.0,58
2021-01-10 18:30:04 +0000,Pedometer Sportline Electronic 342 Spring Clip Hip Attachment,Pedometer Sportline Electronic 342 Spring Clip Hip Attachment,Pedometer Sportline Electronic 342 Spring Clip Hip Attachment,$9.50,100.0,22
2021-01-10 10:51:06 +0000,Videology Aluminum Dome Day & Night IR 480TVL NTSC Security Color Camera,Videology Aluminum Dome Day & Night IR 480TVL NTSC Security Color Camera,Videology Aluminum Dome Day & Night IR 480TVL NTSC Security Color Camera,$14.95,100.0,710
2021-02-17 13:21:41 +0000,Horstmann HRT4-A mains powered electronic room thermostat,Horstmann HRT4-A mains powered electronic room thermostat,Horstmann HRT4-A mains powered electronic room thermostat,$22.28,100.0,3258
2021-01-11 01:50:32 +0000,Lot Sennheiser hoerverstaerker RI 250 Mono only the hoerbuegel Without everything,Lot Sennheiser hoerverstaerker RI 250 Mono only the hoerbuegel Without everything,Lot Sennheiser hoerverstaerker RI 250 Mono only the hoerbuegel Without everything,$67.41,100.0,293
2021-02-21 02:31:26 +0000,Go Walk Skechers Heart Rate Monitor,Go Walk Skechers Heart Rate Monitor,Go Walk Skechers Heart Rate Monitor,$12.00,100.0,1460
2021-02-24 00:23:10 +0000,Blade TV box BM5000s,Blade TV box BM5000s,Blade TV box BM5000s,$20.51,100.0,1020
2021-02-16 16:04:53 +0000,DJI Spark display model dummy,DJI Spark display model dummy,DJI Spark display model dummy,$80.00,100.0,146
2021-01-12 04:46:53 +0000,NIB iTouch Smart Watch Android & iOS Compatibility Silver Black Back Free S&H,NIB iTouch Smart Watch Android & iOS Compatibility Silver Black Back Free S&H,NIB iTouch Smart Watch Android & iOS Compatibility Silver Black Back Free S&H,$69.73,100.0,363
2021-02-11 00:11:43 +0000,Magnat Tempus 33 Pair Speakers Bookshelf Mokka New Italian Warranty,Magnat Tempus 33 Pair Speakers Bookshelf Mokka New Italian Warranty,Magnat Tempus 33 Pair Speakers Bookshelf Mokka New Italian Warranty,$296.55,100.0,828
2021-02-10 10:41:50 +0000,Riwbox Baosilon FB-7S Frog Kids Headphones Bluetooth LED Light Up Bluetooth NEW,Riwbox Baosilon FB-7S Frog Kids Headphones Bluetooth LED Light Up Bluetooth NEW,Riwbox Baosilon FB-7S Frog Kids Headphones Bluetooth LED Light Up Bluetooth NEW,$36.98,100.0,2655
2021-02-17 08:41:33 +0000,ps4 console 1tb (7.02 Exploited),ps4 console 1tb (7.02 Exploited),ps4 console 1tb (7.02 Exploited),$290.00,100.0,3
2021-01-18 13:05:43 +0000,Smartwatch with Metal Strap,Smartwatch with Metal Strap,Smartwatch with Metal Strap,$14.51,100.0,1239
2021-01-06 07:10:06 +0000,SportWatch,SportWatch,SportWatch,$9.82,100.0,620
2021-01-11 00:23:38 +0000,Grado Labs SR225 Wired Headphones VERY GOOD CONDITION - #18829,Grado Labs SR225 Wired Headphones VERY GOOD CONDITION - #18829,Grado Labs SR225 Wired Headphones VERY GOOD CONDITION - #18829,$119.99,100.0,9329
2021-01-31 18:48:15 +0000,Digital Game Electronic Game CASIO 1984 Crazy Bee Functioning Working,Digital Game Electronic Game CASIO 1984 Crazy Bee Functioning Working,Digital Game Electronic Game CASIO 1984 Crazy Bee Functioning Working,$91.11,100.0,497
2021-01-29 07:21:23 +0000,OBSOLETE Ranco Thermostats CL6P0118,OBSOLETE Ranco Thermostats CL6P0118,OBSOLETE Ranco Thermostats CL6P0118,$44.59,100.0,144
2021-01-14 22:02:21 +0000,Sega 32x Console Boxed,Sega 32x Console Boxed,Sega 32x Console Boxed,$407.78,100.0,172
2021-01-10 23:28:41 +0000,Best Sega Saturn Recap Fenrir 256GB Fram Region Free Rhea Satiator Phoebe Mode,Best Sega Saturn Recap Fenrir 256GB Fram Region Free Rhea Satiator Phoebe Mode,Best Sega Saturn Recap Fenrir 256GB Fram Region Free Rhea Satiator Phoebe Mode,$625.00,100.0,751
2021-01-18 17:13:29 +0000,1pc ANTENNA 1882HEF-AA Microwave High Frequency Horn Antenna,1pc ANTENNA 1882HEF-AA Microwave High Frequency Horn Antenna,1pc ANTENNA 1882HEF-AA Microwave High Frequency Horn Antenna,$164.00,100.0,856
2021-01-31 15:54:44 +0000,NEW Bodybugg With Pink Metallic Frame Calorie Counter Sz Medium,NEW Bodybugg With Pink Metallic Frame Calorie Counter Sz Medium,NEW Bodybugg With Pink Metallic Frame Calorie Counter Sz Medium,$17.77,100.0,201
2021-02-14 16:29:44 +0000,"BFT PHOBOS A25 Swinging Gates Opener with transmitter + photocells, safe 24V","BFT PHOBOS A25 Swinging Gates Opener with transmitter + photocells, safe 24V","BFT PHOBOS A25 Swinging Gates Opener with transmitter + photocells, safe 24V",$540.08,100.0,908
2021-02-20 21:45:53 +0000,Sparkling earphones embellished with Swarovski crystals by AVON,Sparkling earphones embellished with Swarovski crystals by AVON,Sparkling earphones embellished with Swarovski crystals by AVON,$16.82,100.0,1638
2021-02-11 03:19:12 +0000,Thermostat (Wireless) - Compatible Remote Heating Controller,Thermostat (Wireless) - Compatible Remote Heating Controller,Thermostat (Wireless) - Compatible Remote Heating Controller,$74.48,100.0,49
2021-02-23 20:19:20 +0000,Nintendo Wii White Console Bundle with Two Games and Black Motion Adapter Sleeve,Nintendo Wii White Console Bundle with Two Games and Black Motion Adapter Sleeve,Nintendo Wii White Console Bundle with Two Games and Black Motion Adapter Sleeve,$125.00,100.0,10
2021-01-14 22:17:47 +0000,Dr Rock Bluetooth In Ear Headphone Wireless Sports Stereo Earphone,Dr Rock Bluetooth In Ear Headphone Wireless Sports Stereo Earphone,Dr Rock Bluetooth In Ear Headphone Wireless Sports Stereo Earphone,$7.30,100.0,467
2021-02-17 02:21:01 +0000,Razer phone - 64gb-Black (FREE) cellular phone degrees,Razer phone - 64gb-Black (FREE) cellular phone degrees,Razer phone - 64gb-Black (FREE) cellular phone degrees,$304.46,100.0,4958
2021-02-23 21:36:29 +0000,Sennheiser ADAPT 460T - Earphones With Mic - 1000205,Sennheiser ADAPT 460T - Earphones With Mic - 1000205,Sennheiser ADAPT 460T - Earphones With Mic - 1000205,$211.39,100.0,475
2021-01-31 13:29:19 +0000,Sony xperia d2303,Sony xperia d2303,Sony xperia d2303,$95.98,100.0,126
2021-02-16 13:03:44 +0000,"Nintendo Wii (RVL-001) - 4 games, 1 wiimote w/wii motion plus sensor, 1 nunchuck","Nintendo Wii (RVL-001) - 4 games, 1 wiimote w/wii motion plus sensor, 1 nunchuck","Nintendo Wii (RVL-001) - 4 games, 1 wiimote w/wii motion plus sensor, 1 nunchuck",$85.00,100.0,57
2021-02-10 17:33:17 +0000,J Lab Bluetooth On-Ear Headphones,J Lab Bluetooth On-Ear Headphones,J Lab Bluetooth On-Ear Headphones,$9.99,100.0,1310
2021-01-01 08:22:46 +0000,Watch smartwatch marked 12. similar apple iwatch 5 Compatible with iOS and Android.,Watch smartwatch marked 12. similar apple iwatch 5 Compatible with iOS and Android.,Watch smartwatch marked 12. similar apple iwatch 5 Compatible with iOS and Android.,$61.18,100.0,9
2021-01-03 14:09:22 +0000,MUSIC LIFE French bull dog Bluetooth with adapter Used Good Condition From JPN,MUSIC LIFE French bull dog Bluetooth with adapter Used Good Condition From JPN,MUSIC LIFE French bull dog Bluetooth with adapter Used Good Condition From JPN,$894.99,100.0,991
2021-01-03 15:49:34 +0000,5MegaPixel PoE ONVIF 2592x1920P 2.8-12mm Zoom Weatherproof Security Camera (IP),5MegaPixel PoE ONVIF 2592x1920P 2.8-12mm Zoom Weatherproof Security Camera (IP),5MegaPixel PoE ONVIF 2592x1920P 2.8-12mm Zoom Weatherproof Security Camera (IP),$95.45,100.0,6214
2021-01-11 00:02:28 +0000,üî• A VINTAGE NINTENDO GAME BOY ADVANCE SP BLUE & POKEMON RED GAME üî•,üî• A VINTAGE NINTENDO GAME BOY ADVANCE SP BLUE & POKEMON RED GAME üî•,üî• A VINTAGE NINTENDO GAME BOY ADVANCE SP BLUE & POKEMON RED GAME üî•,$54.37,100.0,14
2021-01-31 05:10:53 +0000,"Bush 14"" Vintage Gaming TV Combi VHS Player VCR BTV18SIL/VA Fully Working Remote","Bush 14"" Vintage Gaming TV Combi VHS Player VCR BTV18SIL/VA Fully Working Remote","Bush 14"" Vintage Gaming TV Combi VHS Player VCR BTV18SIL/VA Fully Working Remote",$96.11,100.0,370
2021-02-23 20:02:54 +0000,Gameboy colour (Color) pikachu Pokemon Edition Refurbished,Gameboy colour (Color) pikachu Pokemon Edition Refurbished,Gameboy colour (Color) pikachu Pokemon Edition Refurbished,$210.77,100.0,1247
2021-01-16 12:06:21 +0000,Swann Security CM6240H –∫–∞–º–µ—Ä–∞ –ø—Ä–æ—Ç–µ—Å—Ç–∏—Ä–æ–≤–∞–Ω —Ä–∞–±–æ—Ç–∞–µ—Ç (–∫–∞–∫ –µ—Å—Ç—å),Swann Security CM6240H –∫–∞–º–µ—Ä–∞ –ø—Ä–æ—Ç–µ—Å—Ç–∏—Ä–æ–≤–∞–Ω —Ä–∞–±–æ—Ç–∞–µ—Ç (–∫–∞–∫ –µ—Å—Ç—å),Swann Security CM6240H –∫–∞–º–µ—Ä–∞ –ø—Ä–æ—Ç–µ—Å—Ç–∏—Ä–æ–≤–∞–Ω —Ä–∞–±–æ—Ç–∞–µ—Ç (–∫–∞–∫ –µ—Å—Ç—å),$9,100.0,
2021-01-10 17:26:39 +0000,Fossil Smart Watch Womens,Fossil Smart Watch Womens,Fossil Smart Watch Womens,$122.56,100.0,428
2021-02-17 09:12:17 +0000,xbox 360 console parts only,xbox 360 console parts only,xbox 360 console parts only,$35.00,100.0,26
2021-01-01 16:53:23 +0000,NEW* Mini Hidden Spy Camera Wireless Wifi Home Security Night Vision HD 1080P,NEW* Mini Hidden Spy Camera Wireless Wifi Home Security Night Vision HD 1080P,NEW* Mini Hidden Spy Camera Wireless Wifi Home Security Night Vision HD 1080P,$15.00,100.0,9
2021-02-10 16:41:35 +0000,New! Live. Love. Music. Fatheads Folding Stereo Headphones Navy (9518),New! Live. Love. Music. Fatheads Folding Stereo Headphones Navy (9518),New! Live. Love. Music. Fatheads Folding Stereo Headphones Navy (9518),$12.99,100.0,22472
2021-02-10 17:53:58 +0000,BLUETOOTH EARPHONES - BRAND NEW IN SEALED BOX - COMES WITH FREE CAR CHARGER,BLUETOOTH EARPHONES - BRAND NEW IN SEALED BOX - COMES WITH FREE CAR CHARGER,BLUETOOTH EARPHONES - BRAND NEW IN SEALED BOX - COMES WITH FREE CAR CHARGER,$29.99,100.0,83
2021-01-10 05:03:59 +0000,NEC-922450 Analog Door Chime Box,NEC-922450 Analog Door Chime Box,NEC-922450 Analog Door Chime Box,$90.65,100.0,2438
2021-01-10 16:32:07 +0000,Wraps Wristband InEar Headphones Pink Wearable Technology Brand New In Box,Wraps Wristband InEar Headphones Pink Wearable Technology Brand New In Box,Wraps Wristband InEar Headphones Pink Wearable Technology Brand New In Box,$10.87,100.0,649
2021-01-16 12:48:09 +0000,2 Wire Wired UK 24V Doorbell Ding Dong Door Chime Entryway Entrance Relay,2 Wire Wired UK 24V Doorbell Ding Dong Door Chime Entryway Entrance Relay,2 Wire Wired UK 24V Doorbell Ding Dong Door Chime Entryway Entrance Relay,$69.59,100.0,18626
2021-01-31 15:55:19 +0000,NEW OPEN BOX - Smart Band - Your Health Steward - Black,NEW OPEN BOX - Smart Band - Your Health Steward - Black,NEW OPEN BOX - Smart Band - Your Health Steward - Black,$11.49,100.0,6401
2021-01-01 10:12:06 +0000,"Fitness Tracker/Activity Watch - Heart Rate Monitor, Message Notification (Blue)","Fitness Tracker/Activity Watch - Heart Rate Monitor, Message Notification (Blue)","Fitness Tracker/Activity Watch - Heart Rate Monitor, Message Notification (Blue)",$22.22,100.0,300
2021-02-21 00:38:13 +0000,Polar IR Interface for RS 232 Serial Port - Pre-owned,Polar IR Interface for RS 232 Serial Port - Pre-owned,Polar IR Interface for RS 232 Serial Port - Pre-owned,$8.00,100.0,299
2021-02-16 07:13:19 +0000,"H8 smart watch for women, blood pressure watch, heart rate tracker fitness monit","H8 smart watch for women, blood pressure watch, heart rate tracker fitness monit","H8 smart watch for women, blood pressure watch, heart rate tracker fitness monit",$37.97,100.0,11
2021-01-01 11:15:00 +0000,Onn Replacement Charge Cable for Fitbit Flex 2 Only. New In Package,Onn Replacement Charge Cable for Fitbit Flex 2 Only. New In Package,Onn Replacement Charge Cable for Fitbit Flex 2 Only. New In Package,$2.50,100.0,244
2021-01-18 07:11:54 +0000,Samsung Galaxy S8+ SM-G955 - 64GB - Coral Blue (Unlocked) Smartphone,Samsung Galaxy S8+ SM-G955 - 64GB - Coral Blue (Unlocked) Smartphone,Samsung Galaxy S8+ SM-G955 - 64GB - Coral Blue (Unlocked) Smartphone,$162.97,100.0,78
2021-02-16 05:03:50 +0000,wireless headphones With Power Bank Built In,wireless headphones With Power Bank Built In,wireless headphones With Power Bank Built In,$34.62,100.0,139
2021-01-01 15:55:40 +0000,new L900 pro 4K HD dual camera with GPS 5G WIFI FPV real-time transmission brush,new L900 pro 4K HD dual camera with GPS 5G WIFI FPV real-time transmission brush,new L900 pro 4K HD dual camera with GPS 5G WIFI FPV real-time transmission brush,$215.99,100.0,14
2021-01-03 13:13:45 +0000,OEM HONDA 22401-MCS-000 CLUTCH SPRING ST1300,OEM HONDA 22401-MCS-000 CLUTCH SPRING ST1300,OEM HONDA 22401-MCS-000 CLUTCH SPRING ST1300,$5.50,100.0,1294
2021-01-10 23:58:55 +0000,sega dreamcast bundle,sega dreamcast bundle,sega dreamcast bundle,$47.58,100.0,494
2021-01-03 06:51:11 +0000,MultilingualNokia 105/1050 Standby Color Phone Ultra-long Time Mobile Phone,MultilingualNokia 105/1050 Standby Color Phone Ultra-long Time Mobile Phone,MultilingualNokia 105/1050 Standby Color Phone Ultra-long Time Mobile Phone,$44.99,100.0,10
2021-01-01 14:00:29 +0000,NEW SEGA TOYS ASTRO CITY MINI & Arcade Stick SET Game Console Limited JAPAN,NEW SEGA TOYS ASTRO CITY MINI & Arcade Stick SET Game Console Limited JAPAN,NEW SEGA TOYS ASTRO CITY MINI & Arcade Stick SET Game Console Limited JAPAN,$185.00,100.0,1099
2021-01-29 05:47:52 +0000,damosc87,damosc87,damosc87,$300.00,100.0,7
2021-01-22 04:15:14 +0000,LG,LG,LG,$120.00,100.0,221
2021-01-27 01:04:25 +0000,Sony PlayStation 4 Slim 500GB Console - Matte Black with Spiderman game,Sony PlayStation 4 Slim 500GB Console - Matte Black with Spiderman game,Sony PlayStation 4 Slim 500GB Console - Matte Black with Spiderman game,$68.36,100.0,223
2021-02-02 19:32:34 +0000,USB Charging Cable Replacement Charger Cord Wire for Fitbit Alta Watch Track yr,USB Charging Cable Replacement Charger Cord Wire for Fitbit Alta Watch Track yr,USB Charging Cable Replacement Charger Cord Wire for Fitbit Alta Watch Track yr,$2.99,100.0,6
2021-01-04 09:10:22 +0000,Kyocera Marbl - 120 Mb- Grey (CMDA),Kyocera Marbl - 120 Mb- Grey (CMDA),Kyocera Marbl - 120 Mb- Grey (CMDA),$7.00,100.0,17
2021-01-04 12:39:51 +0000,GBA Gameboy Advance SP Black AGS001 W/ 4 Games & Case BUNDLE,GBA Gameboy Advance SP Black AGS001 W/ 4 Games & Case BUNDLE,GBA Gameboy Advance SP Black AGS001 W/ 4 Games & Case BUNDLE,$56.00,100.0,1903
2021-01-04 12:28:17 +0000,Ps3 Console And Games,Ps3 Console And Games,Ps3 Console And Games,$45.11,100.0,320
2021-01-04 14:39:54 +0000,"Keymitt Smart Lock with bridge, electronic door lock with beta access.","Keymitt Smart Lock with bridge, electronic door lock with beta access.","Keymitt Smart Lock with bridge, electronic door lock with beta access.",$336.48,100.0,230
2021-01-03 04:00:33 +0000,OnePlus 8T - 256GB - 12GB RAM- Aquamarine Green,OnePlus 8T - 256GB - 12GB RAM- Aquamarine Green,OnePlus 8T - 256GB - 12GB RAM- Aquamarine Green,$630.00,100.0,4
2021-01-18 17:24:17 +0000,1pc Narda 4779-4 2W 4dB 18GHz SMA RF Attenuator,1pc Narda 4779-4 2W 4dB 18GHz SMA RF Attenuator,1pc Narda 4779-4 2W 4dB 18GHz SMA RF Attenuator,$35.00,100.0,856
2021-02-22 09:33:14 +0000,"Peakfun Smart Watch,Fitness Tracker Watch with Blood Pressure Heart Rate Monitor","Peakfun Smart Watch,Fitness Tracker Watch with Blood Pressure Heart Rate Monitor","Peakfun Smart Watch,Fitness Tracker Watch with Blood Pressure Heart Rate Monitor",$56.99,100.0,110
2021-01-22 16:02:45 +0000,Tuya Smart Light Lamp Wifi Bulb 12 W Lamp E27,Tuya Smart Light Lamp Wifi Bulb 12 W Lamp E27,Tuya Smart Light Lamp Wifi Bulb 12 W Lamp E27,$18.80,100.0,31
2021-01-07 03:18:06 +0000,2.7-12mm Motorized Lens Dahua 2MP HAC-HDBW3231E-ZH Starlight HDCVI Dome Camera,2.7-12mm Motorized Lens Dahua 2MP HAC-HDBW3231E-ZH Starlight HDCVI Dome Camera,2.7-12mm Motorized Lens Dahua 2MP HAC-HDBW3231E-ZH Starlight HDCVI Dome Camera,$219.90,100.0,659
2021-01-26 23:12:07 +0000,Samsung Galaxy Active Watch,Samsung Galaxy Active Watch,Samsung Galaxy Active Watch,$164.05,100.0,31
2021-02-05 15:57:33 +0000,Wii Console Black Boxed 045496342234,Wii Console Black Boxed 045496342234,Wii Console Black Boxed 045496342234,$88.77,100.0,100
2021-01-03 15:59:29 +0000,8pcs 1800TVL Varifocal Zoom 72IR LEDs+mnn IR CUT Security CCTV Outdoor Camera,8pcs 1800TVL Varifocal Zoom 72IR LEDs+mnn IR CUT Security CCTV Outdoor Camera,8pcs 1800TVL Varifocal Zoom 72IR LEDs+mnn IR CUT Security CCTV Outdoor Camera,$524.00,100.0,6214
2021-01-18 08:54:34 +0000,Apple MQAD2B/A iPhone X 64GB Unlocked Smartphone -black,Apple MQAD2B/A iPhone X 64GB Unlocked Smartphone -black,Apple MQAD2B/A iPhone X 64GB Unlocked Smartphone -black,$169.76,100.0,495
2021-02-20 13:55:26 +0000,Samsung AKG Headphones NEW,Samsung AKG Headphones NEW,Samsung AKG Headphones NEW,$10.91,100.0,438
2021-01-07 07:45:31 +0000,Amview 1x 1800TVL 36IR LEDs 2.8-12mm Zoom Lens Surveillance Security Camera,Amview 1x 1800TVL 36IR LEDs 2.8-12mm Zoom Lens Surveillance Security Camera,Amview 1x 1800TVL 36IR LEDs 2.8-12mm Zoom Lens Surveillance Security Camera,$43.50,100.0,6215
2021-02-03 21:05:10 +0000,"Samsung¬† BN4102200A power button for TV UA-55HU7000 55"" 4K Ultra HD","Samsung¬† BN4102200A power button for TV UA-55HU7000 55"" 4K Ultra HD","Samsung¬† BN4102200A power button for TV UA-55HU7000 55"" 4K Ultra HD",$40.00,100.0,192
2021-01-18 10:19:46 +0000,Beat By Dre Solo 3 Wireless All Boxed And Accessories - All Black,Beat By Dre Solo 3 Wireless All Boxed And Accessories - All Black,Beat By Dre Solo 3 Wireless All Boxed And Accessories - All Black,$38.71,100.0,1002
2021-02-04 16:33:45 +0000,Red Headphone Headsets Works very well,Red Headphone Headsets Works very well,Red Headphone Headsets Works very well,$14.88,100.0,333
2021-01-18 05:05:47 +0000,Smartphone Note 25 Android 10.0 24MP+48MP 512 GB 7.2 inch,Smartphone Note 25 Android 10.0 24MP+48MP 512 GB 7.2 inch,Smartphone Note 25 Android 10.0 24MP+48MP 512 GB 7.2 inch,$155.99,100.0,269
2021-02-05 22:00:10 +0000,TWS Smart Wireless Headphones 5.0 With Charging Case- Never Opened (RRP¬£75),TWS Smart Wireless Headphones 5.0 With Charging Case- Never Opened (RRP¬£75),TWS Smart Wireless Headphones 5.0 With Charging Case- Never Opened (RRP¬£75),$20.49,100.0,7
2021-01-19 11:12:04 +0000,Y1 Smart bluetooth3.0 Watch Phone Band SIM Card Touch Screen Sport Bracelet,Y1 Smart bluetooth3.0 Watch Phone Band SIM Card Touch Screen Sport Bracelet,Y1 Smart bluetooth3.0 Watch Phone Band SIM Card Touch Screen Sport Bracelet,$50.66,100.0,65
2021-02-22 07:05:42 +0000,Beats studio wireless headphones,Beats studio wireless headphones,Beats studio wireless headphones,$47.65,100.0,238
2021-01-03 13:21:20 +0000,ps5 console Free Overnight Shipping,ps5 console Free Overnight Shipping,ps5 console Free Overnight Shipping,"$1,099.99",100.0,115
2021-01-03 13:28:02 +0000,Playstation 4 Pro 1 TB 4K Black,Playstation 4 Pro 1 TB 4K Black,Playstation 4 Pro 1 TB 4K Black,$275.30,100.0,1030
2021-02-22 08:07:05 +0000,Beyerdynamic T1 - 2nd Generation Audiophile Headphones,Beyerdynamic T1 - 2nd Generation Audiophile Headphones,Beyerdynamic T1 - 2nd Generation Audiophile Headphones,$938.90,100.0,337
2021-01-21 18:08:21 +0000,"xbox 360, 250 gb black, Bundle with controller Kinect and games","xbox 360, 250 gb black, Bundle with controller Kinect and games","xbox 360, 250 gb black, Bundle with controller Kinect and games",$117.16,100.0,172
2021-01-03 14:47:36 +0000,apple beats studios 2.0 wired fire engine red by Dre (ORIGINAL),apple beats studios 2.0 wired fire engine red by Dre (ORIGINAL),apple beats studios 2.0 wired fire engine red by Dre (ORIGINAL),$75.00,100.0,25
2021-01-19 06:30:14 +0000,Apple iPhone 6 - 64GB - White (Unlocked) A1549 (Verizon),Apple iPhone 6 - 64GB - White (Unlocked) A1549 (Verizon),Apple iPhone 6 - 64GB - White (Unlocked) A1549 (Verizon),$55.00,100.0,32
2021-01-04 09:02:21 +0000,IPhone 7 - 32GB-used,IPhone 7 - 32GB-used,IPhone 7 - 32GB-used,$1.22,100.0,45
2021-02-03 21:04:46 +0000,7 inch Tablet PC With Wi-Fi/ Dual Camera Flashlight/ Dual Webcam (BLACK),7 inch Tablet PC With Wi-Fi/ Dual Camera Flashlight/ Dual Webcam (BLACK),7 inch Tablet PC With Wi-Fi/ Dual Camera Flashlight/ Dual Webcam (BLACK),$75.00,100.0,49
2021-01-18 09:12:08 +0000,Vintage 1970S Realistic Nova 14 Stereo Headphones Made In Japan Working,Vintage 1970S Realistic Nova 14 Stereo Headphones Made In Japan Working,Vintage 1970S Realistic Nova 14 Stereo Headphones Made In Japan Working,$19.50,100.0,1422
2021-01-18 11:47:51 +0000,Apple Watch Series 5GPS ONLY Smartwatch - Aluminum,Apple Watch Series 5GPS ONLY Smartwatch - Aluminum,Apple Watch Series 5GPS ONLY Smartwatch - Aluminum,$14.50,100.0,689
2021-01-22 09:42:58 +0000,Vector Contemporary Luna Bluetooth Smart Watch - Stainless Steel Strap,Vector Contemporary Luna Bluetooth Smart Watch - Stainless Steel Strap,Vector Contemporary Luna Bluetooth Smart Watch - Stainless Steel Strap,$135.89,100.0,309
2021-02-03 23:37:04 +0000,Nintendo Wii Console with Games,Nintendo Wii Console with Games,Nintendo Wii Console with Games,$41.62,100.0,213
2021-01-19 13:35:51 +0000,Tinderala Headset TWS Wireless Earbuds J3s Bluetooth 5.0 Earphones Headphones,Tinderala Headset TWS Wireless Earbuds J3s Bluetooth 5.0 Earphones Headphones,Tinderala Headset TWS Wireless Earbuds J3s Bluetooth 5.0 Earphones Headphones,$15.60,100.0,5
2021-02-05 14:59:06 +0000,WeGo 2 Function Pedometer Distance & Step New,WeGo 2 Function Pedometer Distance & Step New,WeGo 2 Function Pedometer Distance & Step New,$2.90,100.0,493
2021-01-03 05:53:16 +0000,Samsung Galaxy Note10+ 5G SM-N976B - 256GB - Aura Glow (Unlocked) (Single SIM),Samsung Galaxy Note10+ 5G SM-N976B - 256GB - Aura Glow (Unlocked) (Single SIM),Samsung Galaxy Note10+ 5G SM-N976B - 256GB - Aura Glow (Unlocked) (Single SIM),$546.78,100.0,35
2021-02-02 15:18:59 +0000,Skullcandy Indy wireless earbuds Bargain!!!,Skullcandy Indy wireless earbuds Bargain!!!,Skullcandy Indy wireless earbuds Bargain!!!,$68.30,100.0,890
2021-01-26 17:16:23 +0000,AGP2 Advanced Game Player 2 Handheld Console System + 4 Cartridges=8 Video Games,AGP2 Advanced Game Player 2 Handheld Console System + 4 Cartridges=8 Video Games,AGP2 Advanced Game Player 2 Handheld Console System + 4 Cartridges=8 Video Games,$12.99,100.0,5423
2021-02-05 16:51:53 +0000,2 Amazon Echo Dot Latest 4th Generation Alexa Smart Speaker bundle +2Alexa Bulbs,2 Amazon Echo Dot Latest 4th Generation Alexa Smart Speaker bundle +2Alexa Bulbs,2 Amazon Echo Dot Latest 4th Generation Alexa Smart Speaker bundle +2Alexa Bulbs,$89.99,100.0,15
2021-01-21 19:13:43 +0000,Drone,Drone,Drone,$800.00,100.0,134
2021-01-18 15:34:58 +0000,SONY PLAYSTATION CLASSIC,SONY PLAYSTATION CLASSIC,SONY PLAYSTATION CLASSIC,$108.65,100.0,903
2021-02-05 00:00:29 +0000,Max! Wall Thermostat For Radiator Thermostat Thermostat Heating House Regulator Cube,Max! Wall Thermostat For Radiator Thermostat Thermostat Heating House Regulator Cube,Max! Wall Thermostat For Radiator Thermostat Thermostat Heating House Regulator Cube,$204.15,100.0,13386
2021-01-21 19:02:07 +0000,Table/Cabinet Mount Stand for Hive 2 Active Heating Thermostat - Bracket/Holder,Table/Cabinet Mount Stand for Hive 2 Active Heating Thermostat - Bracket/Holder,Table/Cabinet Mount Stand for Hive 2 Active Heating Thermostat - Bracket/Holder,$10.89,100.0,2237
